series,country,code,yr2000,yr2001,yr2002,yr2003,yr2004,yr2005,yr2006,yr2007,yr2008,yr2009,yr2010,yr2011,yr2012,yr2013,yr2014,yr2015
GDP per capita (current US$),Afghanistan,AFG,174.930991430166,138.706821676113,178.954088379235,198.871115728727,221.763653873013,254.184249149336,274.218553561575,376.223152003876,381.73323802844,452.053705477043,560.621505463146,606.694676337726,651.417134470046,637.087099117099,625.054941813938,565.569730408751
GDP per capita (current US$),Albania,ALB,1126.68334010717,1281.6598256178,1425.12421860142,1846.12012081207,2373.58129170055,2673.78781583529,2972.74362094736,3595.03829536404,4370.53971639449,4114.13403283023,4094.34968570481,4437.14116097061,4247.63134315945,4413.06338346821,4578.63320812155,3952.80357364813
GDP per capita (current US$),Algeria,DZA,1772.92869122761,1896.30020878013,1937.46411413019,2283.77299346126,2816.99384960555,3233.13339634212,3660.66104745322,4167.45169937531,5180.91881514686,4235.42990456612,4912.78585503672,5916.31364364343,6033.64884689543,5979.60138960585,6094.69392314956,4685.05902729002
GDP per capita (current US$),American Samoa,ASM,0,0,8972.69636535698,9197.66196836987,8958.42866697173,8831.26975996609,8745.16621137404,9231.37240924563,10030.8089130902,12156.0293905777,10375.1720141957,10383.459331451,11745.4899153958,11813.5022034589,12026.3344929488,12727.4102651386
GDP per capita (current US$),Andorra,AND,21810.2487431414,23511.2951475737,26528.130158144,34063.5784034776,39021.1278101878,40829.801876968,43467.2109930745,48336.2283329823,49132.515707808,43975.0183668093,42746.8309526019,46657.1561173756,41500.5435791686,42470.3161159692,44369.659691379,38654.9347203095
GDP per capita (current US$),Angola,AGO,563.733795571487,533.586202412447,882.147847234303,992.698979254665,1266.21086410236,1916.46842218625,2617.05196022633,3141.0459797605,4103.0669003635,3136.64546955947,3597.34293216332,4615.91059831778,5086.02740086376,5057.74787833163,5005.9997412707,3213.90261080059
GDP per capita (current US$),Antigua and Barbuda,ATG,12021.463208189,11535.7742945854,11657.3487497259,12171.3773760407,13036.0075900543,14366.2912765172,16172.2513541282,18203.5151277783,18785.4682161899,16471.3678310675,15216.3098400792,14841.9709613705,15208.6569723517,15050.7122765935,15533.4831254394,16080.6580495873
GDP per capita (current US$),Argentina,ARG,7637.01489203628,7141.47507662826,2569.69963519124,3320.47775133903,4242.02099089422,5067.65342293276,5869.38028970204,7185.25155147027,8944.1102657357,8150.23527028221,10260.1313108254,12704.2831819684,12949.717486654,12963.675773326,12233.1444119186,13679.6264980954
GDP per capita (current US$),Armenia,ARM,593.450581742282,659.588988535629,742.651118319819,882.030167695474,1130.08791444158,1557.48458908655,2041.65267068997,2962.70234594569,3777.66859313767,2820.5926553347,3041.34450723339,3349.55309771906,3511.56399687426,3680.16692158886,3852.11800610384,3512.39350276709
GDP per capita (current US$),Aruba,ABW,20681.0230269625,20740.1325828172,21307.2482505267,21949.4859960868,23700.6319899197,24171.8371325422,24845.65848362,26736.3089444046,28171.9094008501,25134.7712303589,24093.1401510626,25712.3843015186,25119.6655449838,25813.5767274227,26129.8390617693,27458.2253310273
GDP per capita (current US$),Australia,AUS,21870.4159669594,19695.7297379144,20301.8431713256,23718.1338501868,30836.7306824685,34479.7679298388,36595.7071548423,41051.6120652288,49701.2817843335,42816.5674002829,52144.6654705468,62605.600458306,68072.8732340801,68190.7010035651,62544.0873773726,56739.0265346593
GDP per capita (current US$),Austria,AUT,24487.2974685956,24430.495982841,26334.862215032,32110.1159661425,36614.2506533707,38157.37022862,40382.2078298575,46622.9622913635,51581.3982361071,47857.4446635266,46611.1393420232,51116.8953522042,48250.4059142637,50305.3545774973,51314.9722616322,43915.228020857
GDP per capita (current US$),Azerbaijan,AZE,655.097249579917,703.670998584686,763.108895463487,883.692580745256,1045.0136328106,1578.36733030667,2472.95725732287,3851.33015175141,5574.46810432575,4950.39949009423,5843.5337683582,7189.81869211976,7495.86527658099,7875.34536661549,7890.84028062087,5500.50364628486
GDP per capita (current US$),"Bahamas, The",BHS,24940.0775086078,25371.9237667614,26781.6195938652,26429.1247787663,26650.2934234303,28602.4181869995,29184.7865087908,30051.8489587756,29392.3824416397,27512.9130950084,27473.100430502,27090.8376801379,28552.0242683151,27432.9534269421,28705.6170840548,30289.4022514831
GDP per capita (current US$),Bahrain,BHR,14214.4836839343,13573.2339887597,13501.4708801425,14486.0269029822,15963.9493171617,17966.1657837625,19267.282615072,20908.4042548073,23299.4992780392,19465.3140745038,21819.3291098099,25032.7867743333,26438.6733230428,26989.7601148469,26451.7965647453,23734.0551143019
GDP per capita (current US$),Bangladesh,BGD,396.670730249751,394.65641001891,393.886422327628,426.74880754362,455.614016909798,480.08585075452,490.388026533289,537.955492792911,613.06204104124,679.211477428056,757.385280361508,837.336944695647,859.680536375497,958.262989798283,1094.46199702838,1224.38647668165
GDP per capita (current US$),Barbados,BRB,11674.6736471764,11639.5160522054,11760.4524736133,12075.9587020649,12886.3665272467,14214.4202213572,15619.6005955511,17235.4396434785,17565.6929970592,16294.9099491834,18860.3833703309,19345.9953139542,19034.0708028512,19308.0091116993,19277.9423599235,18954.2913724506
GDP per capita (current US$),Belarus,BLR,1276.28038121269,1244.37318523431,1479.38066337175,1819.52653114699,2378.33700470129,3126.07176665248,3848.22350300163,4735.48107556066,6376.17569162063,5352.48809190697,6034.67885177216,6527.6593428786,6953.21591683101,7998.0802045456,8341.29014337961,5967.06856034227
GDP per capita (current US$),Belgium,BEL,23098.8865077401,23015.0712632462,25006.191397109,30655.2092679024,35429.4077933344,36809.7013403619,38705.1067959147,44319.165448813,48303.397956286,44923.3400135081,44197.393671162,47760.8298776546,44874.1709182123,46964.5946777056,47995.7786961339,40893.804537772
GDP per capita (current US$),Belize,BLZ,4729.67080428075,4721.81625660785,4861.74314184267,4962.08962013799,5156.09817143194,5272.74417207961,5527.16775856439,5765.28199932455,5713.28126796797,5401.22963143045,5451.13897172477,5582.22170621269,5709.68918765363,5950.20299917747,6128.14288539305,6154.49593498217
GDP per capita (current US$),Benin,BEN,487.424141384242,492.401499509072,546.463829658159,676.002878084282,758.695803786371,779.437777753268,809.147072506221,912.338247188342,1060.60254502099,1024.10277858112,973.244254493089,1059.41358915783,1071.52583567484,1168.92699314206,1204.39918700511,1002.41886882564
GDP per capita (current US$),Bermuda,BMU,56542.9569455727,59490.2452034202,63358.5658652763,67106.8028083224,71692.1589001679,77628.103522508,97781.4558996721,107395.651483891,110268.562401264,104711.712420357,104111.824244802,99049.0169927667,100213.493385287,101704.40746217,100961.576602811,104855.366822135
GDP per capita (current US$),Bhutan,BTN,771.924911410619,812.238210772056,895.799489930972,1022.38240311018,1130.35934606796,1299.94938578359,1405.6071618158,1850.41570433398,1919.59774896395,1918.39599211093,2435.57980661188,2787.97967689425,2751.21288653263,2679.95217216983,2849.49998659935,2954.04081973327
GDP per capita (current US$),Bolivia,BOL,975.777060358751,930.168227214313,888.221328974352,893.013760211149,953.191893246277,1020.12326200737,1202.71150446327,1354.54905949929,1692.67248455876,1731.18172112209,1929.78373077158,2315.52121930607,2575.59857098084,2870.02377000756,3041.43503118107,2996.01289804214
GDP per capita (current US$),Bosnia and Herzegovina,BIH,1338.48059636261,1387.89365131544,1606.54672243362,2033.94700935864,2452.68616839392,2739.61076866057,3166.12865344833,3931.48948737505,4841.69311934649,4539.91863774968,4506.47828548389,4982.69375768263,4693.78899115381,5034.56616016469,5206.06558252,4662.25883724069
GDP per capita (current US$),Botswana,BWA,3450.81180622992,3206.07123689853,3117.25087183011,4230.12326909926,4956.69287735214,5391.07076619634,5291.58379144849,5529.12574632532,5503.07395314313,5082.93388332404,6215.73216077919,7287.38295334919,6595.53845015424,6666.91219583487,7122.36423421503,6141.20394726616
GDP per capita (current US$),Brazil,BRA,3766.54811466032,3176.28935747524,2855.94018885769,3090.6070097455,3663.823188064,4827.78173052472,5934.1447107274,7409.69130727951,8908.33176567294,8678.65922498836,11403.2821284616,13396.6243566047,12521.7213530369,12458.891214816,12274.9939689363,8936.19661756825
GDP per capita (current US$),British Virgin Islands,VGB,0,0,0,0,0,0,0,0,0,0,0,0,0,0,0,0
GDP per capita (current US$),Brunei Darussalam,BRN,20130.2571493081,18287.8271687345,18621.2922677806,20677.9001224663,24423.0947731021,29386.2703597208,34674.7995990594,36217.3291010089,42156.5685216979,30946.4674272953,34937.5555174068,46382.8274456238,46968.5971144517,44003.0644293856,41026.508391054,30625.128732694
GDP per capita (current US$),Bulgaria,BGR,1621.26210738992,1770.90704918691,2092.98288625558,2719.49436859287,3389.68743360274,3899.82596332878,4523.1465578805,5888.77685220636,7271.30338858025,6988.27316296465,6863.66706774052,7857.16706984441,7430.7373804242,7687.71368243317,7912.27484371138,7078.86032298969
GDP per capita (current US$),Burkina Faso,BFA,248.908526921752,259.485223380436,285.654087637533,362.373899996953,403.81283743461,441.164148016012,455.513655620024,514.684451177238,619.437533256264,601.569520671859,624.957252224766,725.024767725475,731.470138867833,759.762065168498,764.861675106225,630.124750752312
GDP per capita (current US$),Burundi,BDI,134.537861752389,132.159554541932,120.952308575468,111.406682804391,125.194965184533,147.234619294225,161.892755640319,166.162744906755,189.502074570768,199.097633037708,216.727705301976,230.070577369084,231.688496393569,234.843045388828,250.540481111877,280.966831311923
GDP per capita (current US$),Cabo Verde,CPV,1189.51479345891,1223.33055331575,1328.57874270666,1717.97565369655,1929.49081468781,2004.14680417563,2256.99666191075,3324.57675212498,3908.64885822576,3659.72046361628,3579.46006137809,4002.01386888785,3736.81517011087,3960.97596791345,3985.60706548134,3415.06266730931
GDP per capita (current US$),Cambodia,KHM,296.426687526334,327.500984314444,350.147276634294,386.691123931778,444.199067529081,525.797325120926,612.252648550727,731.692295125426,866.283999789749,875.748936193569,952.274616324008,1088.98152823081,1192.80263041673,1305.6600972686,1431.56396469993,1547.32010444393
GDP per capita (current US$),Cameroon,CMR,708.565731625965,715.470296470585,789.623811072554,988.241276791846,1133.39326749673,1142.62466252106,1191.45458990968,1325.67248215933,1492.14269801453,1461.38999232337,1398.58702025047,1513.96056994878,1449.09874362279,1575.92882118897,1649.4433905949,1415.00009710569
GDP per capita (current US$),Canada,CAN,24271.0020563821,23822.096210932,24256.0192337185,28301.8645937428,32145.5412620217,36383.6600068095,40504.0370977806,44660.0838892281,46710.2526864484,40874.8831932903,47560.6666009406,52223.8588398531,52670.3447335415,52638.1187235237,50960.8431174661,43594.1941045394
GDP per capita (current US$),Cayman Islands,CYM,0,0,0,0,0,0,87085.0937376216,89888.2618212462,89655.1196222184,81373.5711516642,76837.6699636672,75280.960764889,75101.59136128,75113.7332398618,75845.3060407986,76379.2095108681
GDP per capita (current US$),Central African Republic,CAF,239.154133726071,237.951702544735,248.639290978403,278.403992150941,303.461321152782,311.950023138687,333.942519903031,380.887048839475,437.24827472489,456.471673898404,476.873786950728,534.057281471636,544.395849142785,364.36696260838,409.8504859647,366.322853938121
GDP per capita (current US$),Chad,TCD,163.121663683369,194.32295331156,219.061391951349,289.087621122168,445.850767157087,643.807929251964,693.854591777338,780.581405973967,905.678431905648,781.143474044293,866.439680905028,954.316872911808,936.141444963822,946.129583097771,982.527563074226,747.588448455507
GDP per capita (current US$),Channel Islands,CHI,43479.1940767689,41873.7406146127,44459.7318188977,48570.7796632166,56259.5344226334,57647.1188908006,62745.1006593557,74139.97799443,0,57778.5402897274,56121.6386619052,60419.2325098421,58813.9366544241,59304.8512474695,64700.7425701916,61852.0736534587
GDP per capita (current US$),Chile,CHL,5052.99245768719,4563.5952986689,4430.84741157069,4773.40177520754,6120.59152052304,7480.3233099645,9318.65655299547,10346.4138184533,10683.2188772853,10098.8017166866,12632.8704725219,14487.3927827263,15241.9069977366,15683.54863663,14529.6767210362,13433.9202985339
GDP per capita (current US$),China,CHN,959.360431369138,1053.11231442789,1148.51425710711,1288.63749134336,1508.66791560781,1753.41419160544,2099.2194300499,2693.95873160283,3468.32706307504,3832.2274569094,4550.47394356715,5614.38602225277,6300.58217951734,7020.3860742288,7636.07434020616,8016.44559489998
GDP per capita (current US$),Colombia,COL,2555.00751039968,2472.99084035833,2428.92969771584,2311.94218760291,2818.57195413044,3456.06610874512,3789.85361217027,4769.926147194,5541.83629665898,5250.97292433518,6398.2958447102,7400.9940695669,8108.59838244229,8279.10255642981,8187.20824890084,6248.51490534512
GDP per capita (current US$),Comoros,COM,655.007796688241,691.699908770798,762.116930318449,959.787894504834,1091.27216412426,1103.20658498402,1154.90422349749,1289.73631056361,1455.02768595586,1410.30516959473,1386.5742428453,1531.43789372951,1490.31511351281,1603.32797107303,1615.71723662012,1329.37048235986
GDP per capita (current US$),"Congo, Dem. Rep.",COD,377.925421481395,142.678142604412,162.38052907429,161.491553524396,180.664764963633,203.561668860749,238.417639415512,267.88850879878,307.319638606745,280.798051526498,314.53858629844,364.714191777632,400.059901824342,431.191528160935,458.004541775676,467.9145805459
GDP per capita (current US$),"Congo, Rep.",COG,1024.30159109181,854.598314408095,905.538135544704,1016.82363412143,1306.10136324599,1799.05158366154,2103.5821381211,2206.47101863414,2832.09177777643,2271.15219175966,2946.55798067708,3396.16505817952,3732.32737320389,3697.41705884249,3601.2365808718,2439.35189403696
GDP per capita (current US$),Costa Rica,CRI,3812.75388284924,3985.12984506207,4067.71851429092,4173.14856415514,4431.0117207843,4703.00721784778,5256.59640859159,6137.71199925542,6937.24261596055,6832.69829924138,8265.78820275582,9276.39107511347,10126.9991024177,10803.2401962173,10911.497878334,11714.7105980732
GDP per capita (current US$),Cote d'Ivoire,CIV,936.636541348798,924.727294962066,967.815864415991,1111.17135087887,1199.82524528546,1197.74616979415,1230.43056838584,1367.53817722326,1583.97066701372,1540.45393569596,1553.54887048143,1596.62826565998,1546.9460184731,1786.15862031324,1991.36539423404,1814.71855088017
GDP per capita (current US$),Croatia,HRV,4953.65158789022,5364.83824691607,6219.58164143945,8190.11135193887,9718.97322801967,10443.5278353294,11502.753124287,13757.605654192,15889.4347074759,14475.9632928725,13731.2865213989,14694.9993201417,13508.6836989693,14136.3967669505,14187.9694531493,12285.3032582105
GDP per capita (current US$),Cuba,CUB,2751.3817714814,2842.96704310394,3005.21104247868,3202.78109865637,3399.21962893402,3786.33799225291,4329.98265964383,4807.43888960684,4986.12436479175,5089.23519757167,5272.26755824835,6104.46105236166,6470.83673392653,6828.36428245396,7146.70459051328,7727.91997207998
GDP per capita (current US$),Curacao,CUW,15841.2612359949,16609.8454536485,16723.6925253468,16695.7351137757,16671.3403391655,17032.3356620744,17400.1637780186,18005.7165850772,19423.3352430175,19540.2476579348,19847.2310127979,19426.326382752,19809.8223198624,19721.2921646576,19623.029993395,19361.8130008678
GDP per capita (current US$),Cyprus,CYP,14388.3525390625,14821.44921875,16093.2158203125,20252.24609375,23792.619140625,24959.26171875,26729.28125,31244.87890625,35397.296875,32236.44921875,31105.02734375,32485.796875,28991.935546875,27797.45703125,27244.3515625,23487.228515625
GDP per capita (current US$),Czechia,CZE,6062.92152842793,6669.07494847497,8101.26018588111,9852.45677945801,11782.5546676117,13442.4916284309,15259.0788162004,18452.6532812196,22774.7045076205,19817.4215836554,20160.4355077059,22049.1080788682,20014.0354015165,20260.4954999375,20038.4163180257,17931.5987670768
GDP per capita (current US$),Denmark,DNK,30722.0251837567,30768.4775471112,33257.1622586509,40519.0974905924,46625.050098011,48925.8076698784,52119.1787984282,58631.6566433635,64616.6657583663,58412.7472358513,58104.5445594981,61809.737898222,58443.7747103968,61377.5940590412,62520.4509747011,53094.0133607574
GDP per capita (current US$),Djibouti,DJI,737.612183644052,742.133791107063,743.013270420348,764.634465224597,806.261652944964,844.4483573908,898.464628136774,969.573220191902,1119.15233346969,1150.9375857489,1213.23352553429,1306.34552844977,1400.19357858954,2074.29668941495,2208.67810285113,2376.12554719873
GDP per capita (current US$),Dominica,DMA,4867.39896323759,4981.89584851956,4873.64220013013,5009.57393166758,5348.94900144212,5299.49596350504,5671.77065738238,6120.44205374343,6654.49921411812,7102.02825967231,7171.5523885901,7255.67210585964,7031.39987118111,7147.61954093518,7395.30259658718,7679.83293618857
GDP per capita (current US$),Dominican Republic,DOM,2831.45883638033,2935.89367312668,3065.60329524196,2383.26171780393,2451.69161616569,3878.31206735244,4055.14270347371,4649.64558875814,5026.84091100115,4977.79884445929,5484.64637931191,5834.70590719826,6025.72582713231,6149.02748927076,6512.50771431953,6819.93225155181
GDP per capita (current US$),Ecuador,ECU,1382.23421759909,1791.30359685037,2059.1585535974,2315.62215223014,2586.20914663347,2909.02606014388,3243.67010359339,3478.92488770671,4194.75750661981,4053.36331139298,4520.30959039763,5153.6916424375,5634.08393191094,6109.29031510341,6405.79979300441,5976.1596805651
GDP per capita (current US$),"Egypt, Arab Rep.",EGY,1366.09274372613,1295.1374184163,1116.82884626213,1031.27556291284,991.255689145253,1104.80340733395,1298.97900203124,1547.74170735909,1896.21594269779,2161.63964573927,2455.08194645282,2590.64384891965,2996.0677072015,3025.52563552448,3133.39102265541,3306.98159414141
GDP per capita (current US$),El Salvador,SLV,1982.87093542615,2058.04459070452,2115.41187355626,2207.83089518069,2285.68907438892,2447.39140845394,2665.61807194853,2830.65693770733,2983.24829577976,2910.18651752011,3040.07300952878,3330.60049486653,3497.91256915509,3582.26694005169,3666.01248913873,3790.34089108162
GDP per capita (current US$),Equatorial Guinea,GNQ,1487.3165506701,1948.61145907844,2264.21065580365,2930.60183743733,4901.30127408119,8673.9026086535,10184.8841248541,12616.9532942011,18210.5552970599,13232.5019378102,13720.1658723222,17198.2136668275,17308.5723924575,16304.0713196418,15548.6624656619,9068.91003238645
GDP per capita (current US$),Eritrea,ERI,314.357396753501,325.409161513593,304.775756465092,348.950327077742,426.840947887032,412.753079199423,447.997404727201,480.44762365456,490.066956003333,642.92572288007,539.699512069686,688.68165957684,0,0,0,0
GDP per capita (current US$),Estonia,EST,4070.60902410208,4502.66614992392,5343.18310760735,7205.40703313243,8916.0728274602,10414.6381183565,12641.4800976473,16745.4308011148,18205.9064113446,14712.4494217916,14663.7041018705,17555.5455239426,17568.2137969714,19310.3874900757,20581.7898991695,17722.1557669523
GDP per capita (current US$),Ethiopia,ETH,122.269202606069,118.457204255261,109.593813612988,116.800491132777,133.169812538096,158.243458082465,189.345737521418,237.146255996319,316.410475118075,368.574712267445,330.619412798644,343.024942351887,452.101031885754,484.039833104062,549.986577082588,621.845673808133
GDP per capita (current US$),Faroe Islands,FRO,23322.7593357515,24879.7729617864,26937.6505602847,31269.6031997217,35647.5440400531,36389.081644098,41743.6812847661,48348.7393711011,51287.8911081663,47059.1947296738,47923.1515374991,51618.9907766392,50261.9616267693,55758.2083680611,60172.0632541664,52635.0375463609
GDP per capita (current US$),Fiji,FJI,1995.72071163264,1944.997414609,2136.56794118683,2655.58079586044,3097.19096651759,3377.69126953493,3455.10599907349,3762.74692789299,3899.92231512129,3164.13275408169,3449.14452883369,4139.60288609702,4341.40338748749,4572.44377544245,5293.35679137747,5097.53108832569
GDP per capita (current US$),Finland,FIN,24335.9225082659,24965.202996776,26989.389260959,32920.0857192568,37768.1334202029,39049.8703780223,41214.0187765069,48473.0240091455,53769.4726240385,47478.3495310999,46506.2919016566,51060.3242589767,47551.6740841369,49691.0145200739,50073.7760815871,42560.3456767103
GDP per capita (current US$),France,FRA,22340.5939516217,22331.7948343036,24144.5727019529,29479.5222101175,33644.9282220364,34696.3718316971,36431.5658906555,41486.1907828787,45464.8181385158,41728.0884164132,40694.8211697025,43929.7840873812,40863.5814412333,42669.1795111893,43148.0459288416,36702.4323733379
GDP per capita (current US$),French Polynesia,PYF,14978.324104668,14640.9360062298,16004.0583292112,19582.8936395312,21764.2203208782,21984.1936230719,22330.8676659055,24888.1781337361,26592.0262835732,24434.2197555208,22494.806706186,22831.5185348524,20846.5457478364,21955.6329264095,22258.6321384251,19166.9594761931
GDP per capita (current US$),Gabon,GAB,3982.906200928,3835.75718279727,3966.48001864663,4710.74862768151,5465.79193590708,6547.87613955186,6847.00985685394,8003.54289696049,9688.64519690633,7290.57526093114,8356.74662013345,10219.1139339454,9296.96587941088,9197.70106323947,9201.36276648105,7047.12654634355
GDP per capita (current US$),"Gambia, The",GMB,538.054072348854,459.803068381399,376.531026962584,308.719123437587,593.285346326581,616.483657865348,614.544307904464,724.726407242432,859.127671411226,774.888030908091,801.033372714536,710.608411468152,692.579361628102,653.862713272743,568.00453558864,619.536364296461
GDP per capita (current US$),Georgia,GEO,749.908534993961,801.98383707929,853.526171868939,1010.03151630868,1305.04748557208,1642.78359414797,1996.02013272284,2635.36650276116,3324.7537205015,2822.68939668797,3281.72930937343,4119.66818307193,4530.69533409431,4712.00229382665,4830.33486170249,4086.6223465965
GDP per capita (current US$),Germany,DEU,23925.8559901991,23878.3641471651,25486.5942008748,30711.1022511331,34566.7359143735,35084.4363546269,36980.3349948954,42350.9217211489,46386.3295924799,42487.2137101496,42409.9356994694,47646.582043143,44735.5882319701,47220.0102098851,48971.0824722599,41911.0109851054
GDP per capita (current US$),Ghana,GHA,253.746936203344,263.542156494853,297.46164468774,358.39927142073,406.132105329565,478.611909191028,906.441027564887,1050.12461524926,1182.65761256016,1047.70430093586,1263.89251760539,1507.43573198753,1543.77524235764,2294.025645187,1953.64513603117,1721.69964380717
GDP per capita (current US$),Gibraltar,GIB,0,0,0,0,0,0,0,0,0,0,0,0,0,0,0,0
GDP per capita (current US$),Greece,GRC,11638.2010697215,12156.9572824221,13782.195640943,18020.612039764,21449.2552764245,22054.1315756886,24416.0232970275,28440.7625328955,31695.8331092209,29425.4573200263,26653.0488008626,25504.7866510124,21624.346052551,21573.3449762805,21474.7257123892,17980.7298238137
GDP per capita (current US$),Greenland,GRL,19004.0038435698,19275.4339659556,20652.8417042443,27459.8753295461,32023.6820516137,32489.7277309899,35458.2542977474,39780.9441368721,44366.7858688175,44918.8413832155,43988.5280290494,47186.8759969388,45936.9562817724,47535.4883792376,50485.2244135291,44536.3549705377
GDP per capita (current US$),Grenada,GRD,4839.82811114248,4819.50776653843,4984.47405931447,5427.96377252312,5480.26117644588,6338.56011405358,6344.0383771432,6864.54816771858,7448.2040563865,6932.56472176781,6909.60169568597,6947.38136096464,7092.71985352677,7424.80212287327,7986.33421210788,8694.12438005692
GDP per capita (current US$),Guam,GUM,0,0,20909.9590302806,21877.3178371553,23618.8266894573,25631.9776108052,25709.9351488422,26605.4324214756,28112.2316573422,29054.0581201519,29719.7967836082,29926.2052442913,31653.7506538168,32530.7593121483,33900.1486530583,35165.7014644795
GDP per capita (current US$),Guatemala,GTM,1648.96578971559,1537.68663578252,1669.33517469705,1722.54701910774,1840.91184884,2046.46611650758,2225.1234753878,2458.81573919384,2763.05988172926,2611.64632773352,2805.25960237322,3168.98370607705,3286.61959336267,3444.15971843874,3689.14472473545,3893.50521848131
GDP per capita (current US$),Guinea,GIN,518.157066924026,483.085120214741,495.916073559269,566.48540588068,584.897740538081,463.17768685098,446.980554135348,650.148575304385,703.532825785322,662.185914665681,659.235326211315,636.694958747648,699.353377212197,748.455020824734,765.146999389279,747.356966759448
GDP per capita (current US$),Guinea-Bissau,GNB,316.945495037639,327.138431972397,362.034574570354,419.78486611807,431.376557669634,463.073962650452,448.513075469701,519.069789794741,640.210331101753,583.190020139094,600.194298540768,719.539573498937,635.461653303881,654.304534409417,652.022501029449,645.066837207039
GDP per capita (current US$),Guyana,GUY,931.796651718955,931.574723847673,950.866932470993,973.742598054188,1033.31030902188,1084.06541388904,3135.60553528326,3608.28685240188,4008.9628671603,4209.13230624565,4581.76179693492,4947.22170589917,5444.39751913913,5556.91231156932,5472.68820452237,5640.41560569466
GDP per capita (current US$),Haiti,HTI,820.600046761464,748.821159844528,720.969568042522,578.995291079709,683.185298155273,775.845704056916,828.805700289589,984.566983448521,1094.66058421644,1196.8528706018,1209.72733503094,1312.03953552013,1361.39396587374,1457.83221179626,1460.18898613914,1411.12684746796
GDP per capita (current US$),Honduras,HND,1092.56400746252,1132.1648753329,1132.49965345317,1156.08162681357,1215.13995412761,1304.70039153826,1425.84780051892,1577.73789197407,1732.49062702803,1781.15703614674,1893.32722662035,2073.66121088074,2126.03474686503,2081.12843527945,2179.88171977271,2271.20265980349
GDP per capita (current US$),"Hong Kong SAR, China",HKG,25756.7728723704,25230.3780910304,24665.8362318216,23977.1734120477,24928.1003722551,26649.637724155,28224.0951563146,30593.9511738646,31515.5292103443,30697.5383861641,32550.136489179,35142.4879344543,36730.796195815,38403.7777145477,40315.3739510191,42432.1619740441
GDP per capita (current US$),Hungary,HUN,4624.28165670295,5276.03318905496,6655.33300865319,8419.43087098103,10301.7033946743,11223.3993032598,11489.5608654088,13940.9092761999,15772.3300839383,13077.305465178,13217.5045951108,14234.471576937,12984.8365730133,13715.0703590361,14294.2584180751,12717.038597002
GDP per capita (current US$),Iceland,ISL,32096.3722613695,28897.4439396908,32409.2161491753,39476.6978486684,47334.9306537723,56794.8501588953,57492.9342498703,69495.7267376825,56943.3704468563,41301.273219718,43237.0729488958,47714.5922308485,45995.5478789467,49804.9829978371,54576.7448146565,52951.6815110898
GDP per capita (current US$),India,IND,442.750218937263,450.357900514128,469.149928973927,544.143133545002,624.258826510066,710.488080408949,801.668353659022,1021.88707706826,992.519584923828,1094.94974598436,1347.51939071367,1445.46127486037,1429.32199520032,1432.84397512195,1553.88396075118,1583.99815907985
GDP per capita (current US$),Indonesia,IDN,763.711124950924,732.307093405708,881.002913569131,1043.2105838671,1126.84004447173,1238.21447629488,1558.31562847164,1823.21976255073,2124.55483920617,2218.48541852977,3065.68348366636,3579.46442452684,3632.272540431,3566.60284506078,3441.06808455308,3288.22269737572
GDP per capita (current US$),"Iran, Islamic Rep.",IRN,1650.01385832603,1881.02266634748,1891.25756092031,2208.99636553529,2672.42266512669,3132.05081925856,3618.9160136791,4687.99166265915,5377.41150725587,5415.52280554144,6291.19443652344,8025.68743364356,8114.08099831877,6222.74194840326,5672.06372896319,4952.73355532178
GDP per capita (current US$),Iraq,IRQ,1980.18916038782,1435.695683789,1266.15961275094,817.887862499622,1328.37157628292,1762.39360423421,2276.55435744086,3128.99010329066,4542.96609046032,3714.71205987194,4461.75196161555,5775.54229080293,6477.59618450955,6650.35282247395,6249.39226978969,4440.14189252367
GDP per capita (current US$),Ireland,IRL,26334.5672050501,28282.409882073,32705.4345565698,41203.5295847568,47754.2023194244,50933.0216095589,54329.1618599624,61396.417461176,61353.1065629523,52133.0909237885,48679.4026820361,52692.7813135606,49411.7387476787,52619.2123745817,57278.2590911107,64311.8234684057
GDP per capita (current US$),Isle of Man,IMN,21161.3963073772,21819.7123825606,24471.0798814847,28861.6178062918,35564.6023910146,38135.8597885858,42627.5089352891,55040.2437046236,72276.7741329461,66156.105656847,70587.3140283741,77808.8579649376,79329.2034347434,83207.6588430451,91885.4528718026,84753.5187422732
GDP per capita (current US$),Israel,ISR,21660.840378309,20907.1143041538,19034.3175740071,19629.4145135202,20546.2291718399,21226.7213913393,22502.0722209991,25635.926838502,30176.2865128483,28381.6449423376,31338.5568903917,34433.822610733,33236.5731239421,36929.6042163752,38230.4954049785,36123.9907881129
GDP per capita (current US$),Italy,ITA,20190.0035636084,20571.4787737914,22463.5222129968,27618.9417740066,31425.8208728669,32171.793374715,33684.7200358552,38031.9709472716,41095.4063415012,37388.4537139699,36184.7118698678,38851.3881339353,35235.7989058242,35747.707952689,35750.7197500382,30387.1293187854
GDP per capita (current US$),Jamaica,JAM,3453.09252800226,3503.55026688858,3680.64551727724,3549.70758394618,3807.56293124552,4184.43974867497,4417.00127135363,4716.48612542727,5029.80095281745,4428.38153333557,4809.977380312,5232.63644918132,5340.83333232158,5124.21301411137,4975.11326954633,5062.89556466908
GDP per capita (current US$),Japan,JPN,39169.3595701504,34406.1824638092,32820.7936433254,35387.0374203599,38298.9801712303,37812.8950199948,35991.546002862,35779.0245416427,39876.3039685725,41308.9968370512,44968.1562349739,48760.0789494211,49145.2804308193,40898.6478964744,38475.3952461838,34960.6393843385
GDP per capita (current US$),Jordan,JOR,1570.61002940477,1632.29454010563,1706.26744384401,1775.67625581432,1940.08641342805,2087.87079273635,2342.63459574933,2506.20599484139,3241.6524135556,3435.8337590698,3718.46571622945,3946.85503855525,4169.50470054618,4311.21916713038,4191.18050084986,4042.75678097555
GDP per capita (current US$),Kazakhstan,KAZ,1180.0444563226,1422.27331810957,1573.55219932325,1958.02050246511,2722.47407755402,3577.35804001782,5030.13494711519,6449.43931096532,8123.54705891736,6938.01175663001,8793.07589980782,11287.1464926039,12018.7966527993,13478.459627612,12427.7094576939,10196.1226255982
GDP per capita (current US$),Kenya,KEN,414.626365130846,410.700452474814,402.936385605382,442.898457253405,463.662781300121,523.456312433863,699.80237063381,840.201439476765,915.54435473604,1047.9678324485,1091.51873101194,1096.14499807675,1285.00536171512,1370.87885214659,1482.81566253497,1489.11959777284
GDP per capita (current US$),Kiribati,KIR,845.367556128631,718.833757321332,810.108949976176,1020.50050169828,1083.26858963731,1161.78372745312,1123.19268258743,1352.57829954167,1410.62249506033,1316.62734623652,1522.10110213175,1771.12894481248,1843.55346948038,1772.08706898092,1736.7053011433,1639.85274301496
GDP per capita (current US$),"Korea, Dem. People's Rep.",PRK,0,0,0,0,0,0,0,0,0,0,0,0,0,0,0,0
GDP per capita (current US$),"Korea, Rep.",KOR,12257.0206622345,11561.2071745115,13165.08362497,14672.8057539465,16496.1316167114,19402.5026259549,21743.4774514254,24086.4104391677,21350.427979823,19143.8516053025,23079.2601257735,25097.595426845,25459.1689000965,27179.5170146052,29252.9312377352,28737.4391706499
GDP per capita (current US$),Kosovo,XKX,0,0,0,0,0,0,0,0,2877.39331402724,2794.86699473069,2987.54519574464,3538.94759838576,3410.65550749316,3704.55872781672,3902.49424360946,3520.62850699375
GDP per capita (current US$),Kuwait,KWT,19296.3471698729,17374.2318664227,18512.7523035862,22690.655175144,27552.2827399787,36122.6142741227,42946.6374104066,45709.4132876371,55585.1889344442,37907.1001320042,39212.2726673435,49169.6063983139,52155.2225460479,49651.0439709448,44368.781373043,29882.2126867068
GDP per capita (current US$),Kyrgyz Republic,KGZ,279.621767006739,308.411326685178,321.726775366804,380.505828812441,433.233915720699,476.548239793618,543.113512472219,721.771646044636,966.388569370494,870.198894546917,876.954476440354,1117.40184423062,1168.62244675446,1269.66303464348,1264.52679529608,1105.65202996955
GDP per capita (current US$),Lao PDR,LAO,318.749852236965,320.316005439568,313.350817148131,355.097216151461,409.296298284117,466.061506997741,579.391947440719,697.323013673925,885.747376088762,935.03237283283,1125.91610151261,1361.54704394913,1563.5650771337,1812.51774424651,1981.03910900473,2121.01339097363
GDP per capita (current US$),Latvia,LVA,3278.17896440803,3504.61829462397,4003.60935783538,4914.57992829302,6109.73265186817,7283.78738127622,9211.7374468148,13370.9789452508,15677.6080864506,11996.0322729773,11188.4191700977,12902.574053337,13329.3499931271,14484.4715282132,15185.814581236,13321.9753140616
GDP per capita (current US$),Lebanon,LBN,3986.83513941026,4009.55929751102,4290.85283803266,4437.71588507526,4600.68371412993,4602.19804637945,4635.2514117486,5125.25809960149,5912.04532820842,7090.85493856621,7625.81051551165,7834.96257108993,8406.98405608118,8162.37929361396,7577.6413302369,7714.1099998804
GDP per capita (current US$),Lesotho,LSO,442.779545779081,412.677473676821,388.92334985135,583.270036200288,766.685820928242,861.381496414995,925.467485502842,861.188420899563,898.482517882593,878.847950537772,1119.47557793042,1280.73390931581,1217.93071228944,1151.03735837227,1173.5377928819,1121.19851342518
GDP per capita (current US$),Liberia,LBR,298.485340578945,300.463828598983,299.536445539621,239.779556677091,284.140223992458,287.487333441381,320.55808618515,374.211308104278,451.713856283285,448.386367025545,492.252808033724,568.087865520004,638.368751462083,710.744570927863,706.714490064507,692.590082351257
GDP per capita (current US$),Libya,LBY,7214.10040377084,6312.80030498965,3718.29434696755,4674.09943200321,5773.76333234281,8079.24957329001,10048.8480434289,11144.9448413435,13906.1407818125,9551.05403869755,11600.9068649472,7593.8391525702,14975.8902795144,11951.7134126011,8926.42074591474,7458.48917756374
GDP per capita (current US$),Liechtenstein,LIE,76087.911114202,75067.8001680043,79795.1785891101,90108.3673647008,100280.831356705,105295.057027611,114167.939211301,130492.595349517,143249.227302093,126024.714567466,141089.812849014,158066.369379163,148842.035144342,172823.607794648,178735.153020908,167187.15730982
GDP per capita (current US$),Lithuania,LTU,3300.63634928559,3532.52787363242,4148.13091485015,5507.47434187652,6734.57487061946,7857.03148786492,9210.10118229413,12295.1212779366,14955.5345462921,11854.3711053096,11829.122609457,14261.8433787325,14294.7178607152,15655.3513307327,16473.5678231709,14300.2553666736
GDP per capita (current US$),Luxembourg,LUX,48659.5988753233,48440.1420151355,53005.7339209179,65689.3214536911,76544.9170868473,80988.1376230858,90788.8004876145,107475.320297978,120422.137934157,109419.746953106,110885.991378721,119025.057203467,112584.676270958,120000.140729859,123678.702143275,105462.012584423
GDP per capita (current US$),"Macao SAR, China",MAC,15731.9868750281,15810.7227666562,16814.9926424134,18589.8998330534,23407.1993692194,25681.2167315221,29813.7877167933,35400.2334659409,38888.5118044503,40351.0035623363,52591.8035225196,67041.2823092952,76051.6312325843,87069.767003344,88310.8119567344,70070.2918001631
GDP per capita (current US$),North Macedonia,MKD,1861.89899780644,1823.02267682636,1989.13537265159,2445.36286400013,2818.5814561242,3120.98401394233,3440.4411057968,4204.11328760452,5026.4202989873,4799.78722768888,4833.36586759968,5416.86672931659,5049.8265386157,5626.26115664893,5925.38592218015,5262.68671928674
GDP per capita (current US$),Madagascar,MDG,280.282905559649,319.283278235657,304.941777398445,352.620095849925,272.20074858856,305.812074924388,324.146874882604,419.548001431865,512.579800058444,446.315238370592,450.009391645726,506.163691559309,493.511162904211,515.301589361832,505.684922503435,445.320069480568
GDP per capita (current US$),Malawi,MWI,224.22415918428,215.474524898357,428.210439838398,383.348596852642,404.674248445428,414.361121984475,440.822149023873,475.180261659331,554.048820396119,625.869729869625,683.124694716799,763.061000394572,558.46208832772,496.947368267313,529.5133440206,539.605363240686
GDP per capita (current US$),Malaysia,MYS,4083.52874483605,3943.79943910239,4184.03163773539,4465.32194567208,4939.24851854427,5555.58179951206,6158.40785533236,7168.93031942508,8371.82156086005,7191.43287234626,8899.34505544675,10217.1068585031,10600.5744240026,10713.6407638899,11013.3107334403,9648.6797937523
GDP per capita (current US$),Maldives,MDV,2213.81235053178,3033.93234507036,3076.07007160101,3548.5767011056,4070.2609459446,3796.51546524644,5018.94335409159,5758.10286933053,6757.43280929292,6734.03165601895,7173.59601844692,7424.520410971,7461.29703686309,8236.08177944126,8939.07416571472,9644.90655028145
GDP per capita (current US$),Mali,MLI,256.199554978241,291.159497911347,318.042432039222,371.627016389759,416.278344366266,461.457920288884,493.628706470251,564.157958339126,658.493183322369,662.883388148082,670.369098976461,789.06272549554,733.738935290444,758.475532598732,797.154510755732,704.821646439506
GDP per capita (current US$),Malta,MLT,10348.4865480967,10357.7040358668,11251.2060862043,13593.974199672,15212.1267402818,15831.3440511034,16653.607176998,19444.1875016088,22315.3198630182,21176.3112406361,21946.6069676515,23516.9691249323,22878.313086001,25346.5236450477,27356.6080303021,25481.8977555627
GDP per capita (current US$),Marshall Islands,MHL,2264.79114897645,2394.34501105178,2566.06708799222,2539.3307383954,2566.08291015814,2658.65217893885,2754.26988767503,2892.28403958874,2817.60522775322,2906.63026970914,3095.45768964722,3319.39815439151,3514.26515490383,3677.90690791421,3735.23977829545,3764.34426229508
GDP per capita (current US$),Mauritania,MRT,680.911061879778,651.817840199777,648.879643934862,732.017820812675,823.554457141893,998.96583416747,1300.60367988659,1405.15016203368,1635.5630623124,1435.43010811893,1659.96369705455,1931.19975525465,1859.11733247641,1934.24103064714,1713.00865264234,1554.94897871782
GDP per capita (current US$),Mauritius,MUS,3981.98343249582,3908.55694927435,4073.06053055903,4858.26575549747,5460.60800184198,5354.02974260642,5695.97525509869,6574.6635764099,8030.05228087539,7318.12640972422,8000.37643182154,9197.04299089459,9291.23627601053,9764.64413060045,10366.3550754936,9507.87133656424
GDP per capita (current US$),Mexico,MEX,7524.02713693678,7952.7647961764,7983.03398483743,7434.0746485155,7849.66759649565,8671.75891885163,9512.63575346699,10134.3327138119,10523.7685403244,8423.56933214711,9728.80078377082,10664.4944032313,10744.1335242686,11216.8008505428,11391.3773497683,10021.2386118827
GDP per capita (current US$),"Micronesia, Fed. Sts.",FSM,2081.9660133519,2144.5369999555,2156.70532157086,2185.80309035045,2146.40160821979,2246.45370337127,2289.75155559971,2336.97852202403,2415.59355952119,2596.26147447595,2761.24325832248,2890.50493045368,3033.16989526369,2933.88333441237,2945.41495996162,2911.16211045292
GDP per capita (current US$),Moldova,MDA,440.538683980372,507.404076252819,570.799866188293,682.319095965299,897.178494749468,1034.39197746993,1183.02481442894,1531.21618590748,2110.55305353857,1898.43975710988,2436.79935102421,2941.36224066021,3044.8084324815,3321.04397795719,3289.95758568777,2749.55137054338
GDP per capita (current US$),Monaco,MCO,81789.0206522549,82402.7809570189,90051.4459877468,111110.451312249,125160.228087598,130538.742587117,143083.461107202,184558.556593338,204263.797114294,169150.267344616,161853.920622244,179363.984221513,165444.651378771,184940.663804718,195693.570738894,170437.101188261
GDP per capita (current US$),Mongolia,MNG,476.02755082717,524.453483552485,570.249213248399,643.168068921658,794.154552001815,994.90010913241,1329.89179579053,1627.68787743359,2127.42678594737,1703.32756790019,2625.21881402433,3736.04201455077,4328.89001905655,4340.14310544449,4126.23975800524,3838.92126989984
GDP per capita (current US$),Montenegro,MNE,1627.06511911987,1909.59870186179,2106.6350684523,2789.15906483509,3380.16512135859,3674.6179242797,4425.67887307803,5976.39414454596,7367.75190910882,6727.10776676969,6688.40259641346,7328.78943085498,6586.39970256684,7188.86361611271,7387.87296917548,6517.19267514764
GDP per capita (current US$),Morocco,MAR,1499.107421875,1506.24523925781,1596.02062988281,1941.87255859375,2183.55541992188,2242.98828125,2438.12646484375,2755.5859375,3183.20043945313,3119.58862304688,3067.9853515625,3301.98876953125,3164.17724609375,3379.7431640625,3435.40698242188,3146.24780273438
GDP per capita (current US$),Mozambique,MOZ,327.12623979157,304.792138621913,313.886661721198,339.488737800648,400.056973161545,436.773856167384,457.487647833183,507.874923914304,592.159111184122,547.697144193651,496.185839392659,618.17649286789,685.685748199513,686.505672517351,697.142680444123,610.563774706589
GDP per capita (current US$),Myanmar,MMR,196.619580625284,141.525660705722,146.598390364449,224.292688912409,224.508811413327,252.685193060728,303.495087119254,419.375780725042,658.442487229705,758.442935789255,1010.53417343401,1213.62898703376,1202.6658960055,1199.09561597055,1293.00042298704,1166.73305546288
GDP per capita (current US$),Namibia,NAM,2156.67590512714,1915.58926594875,1772.07565537493,2569.24739317883,3403.15496192955,3685.77299991587,4017.1834716928,4379.04313682732,4204.78555422749,4302.91374148376,5418.21633365814,5834.7917675794,5942.64680978673,5346.62131149967,5378.32326241205,4774.10650865775
GDP per capita (current US$),Nauru,NRU,2648.60152860938,2232.30874026726,2084.64824520971,2463.28259078079,3040.51349889,2992.40382776926,2910.14145794684,2272.15291307045,3756.84531228766,4410.56764668962,4735.92000502092,6480.90451339597,9817.36872216004,8974.51886874433,9193.09784447237,7703.43149943923
GDP per capita (current US$),Nepal,NPL,223.830289183078,240.795114544664,238.89140296106,246.429706587633,279.587750044428,309.024168339372,340.431796437968,385.449767660642,464.817391891529,473.078751198621,585.278491984574,785.518656222132,788.202937148377,803.269595420477,821.455224911731,875.543635474862
GDP per capita (current US$),Netherlands,NLD,26225.1697734149,26955.7128032278,29446.5330872868,35896.7504630706,40611.3414353091,42165.396168388,45123.5432406426,52100.7996285947,58246.7026905874,53172.0261581418,51305.7338533973,54701.7728030611,50473.9442002689,52602.2860520766,53457.2234864322,45793.8135434697
GDP per capita (current US$),New Caledonia,NCL,15329.7297200058,14482.3606263602,16104.5520406819,20768.1061488848,24475.6488547037,25528.2918353444,28193.2537573387,35177.6535261448,35723.9033194947,33836.494080472,35798.9084757829,38835.9401851385,35559.5672006157,36671.1566752621,37816.9558599295,30858.7237060533
GDP per capita (current US$),New Zealand,NZL,13641.1027183822,13882.8568268586,16874.1874918196,21913.7081719961,25420.234882944,27751.0654708859,26654.5932018985,32479.9817381467,31252.9625640673,28209.3623271229,33676.7741239925,38388.5280906616,39974.2997334925,42977.388040868,44578.2253868016,38639.3501941427
GDP per capita (current US$),Nicaragua,NIC,1017.3124434882,1051.874235891,1014.3339042591,1021.35216668794,1098.62118662335,1183.30217305152,1248.17675959909,1350.38954614622,1523.68088982295,1467.08019633408,1526.56185349171,1679.71034177231,1784.69212752824,1835.43436443315,1958.36966453366,2074.45446460028
GDP per capita (current US$),Niger,NER,194.771959898935,205.417936120931,225.294391147438,265.225363452469,283.468281798296,318.643121918273,333.345078419447,387.168065883301,475.044955398162,461.131533961487,474.425692340831,510.75956176268,528.510104469655,552.103334363117,565.30989731175,485.662574175279
GDP per capita (current US$),Nigeria,NGA,547.318298903379,566.428231812933,712.164852077686,763.388745367223,962.48104194733,1211.37703504386,1599.53891556365,1815.52697545827,2154.10543545364,1820.48633854782,2202.25672957344,2418.41316975875,2633.19734671361,2872.79083379398,3088.72131316169,2585.73360671797
GDP per capita (current US$),Northern Mariana Islands,MNP,0,0,19227.8894246608,18938.8728389967,18924.5831899653,17015.7487891715,16314.5578590027,15914.2193040498,16430.4461942257,14369.6339810212,14771.4037455399,13598.7166094613,14013.6003306158,14632.8518897608,15945.417608954,17665.1007493109
GDP per capita (current US$),Norway,NOR,38178.2368777076,38601.897639231,43170.557174499,50250.3298214345,57768.6980958462,67047.1704558264,74434.4996835671,85502.2677087731,97503.5407803783,80347.5700665184,88163.2085931423,101221.813476644,102175.919298374,103553.840134417,97666.6951838749,74809.9658049898
GDP per capita (current US$),Oman,OMN,9753.84755185404,9611.96360191054,9869.13050219438,10463.5425832141,11800.8507411171,14434.8577924647,16930.8565071853,18792.653772482,26576.779241509,20655.9180249218,23570.1798147325,25188.0074151885,24642.2978768596,23458.0233840053,23160.6502252547,18808.3077921839
GDP per capita (current US$),Pakistan,PAK,642.338346499898,609.939506905073,599.937345723927,672.44178669894,771.902247348954,827.619861189926,900.873564984808,998.090114197524,1067.04324565284,963.788066395225,987.304571124485,1131.73513834324,1204.36475491585,1225.4340119198,1266.61340849959,1380.47020838317
GDP per capita (current US$),Palau,PLW,7797.25727395975,8239.63931376602,8340.53735322771,7862.04283025586,8395.13622603431,9639.65891316414,9885.14775685194,10408.4343591338,10582.739754853,10155.4332139612,10229.0878451837,11000.879522071,12145.3644807205,12768.9097206482,13726.0222622072,15690.7586522228
GDP per capita (current US$),Panama,PAN,3975.09308659503,3991.7767076924,4090.58617397129,4264.66428846636,4644.56582353041,5017.7410922824,5528.76705469354,6317.81730274124,7347.59050324397,7796.92617035048,8331.46421351868,9662.29592216607,11064.8063606203,12273.3225037637,13213.1989637473,14082.6548502728
GDP per capita (current US$),Papua New Guinea,PNG,635.957919047725,537.847459634131,506.331789534482,577.467922387259,620.596147680561,744.486489977433,1238.18282926706,1370.753415829,1624.79319935188,1568.83193368607,1866.86889851208,2288.37591141234,2635.0873631547,2560.77458976327,2723.17529825196,2484.5963398603
GDP per capita (current US$),Paraguay,PRY,1736.11729210765,1637.68615122932,1367.76506935997,1443.99885236205,1786.21533938543,1970.87169852378,2439.43124694576,3211.93621659546,4384.9546943793,3941.84815479271,4750.96273669322,5805.40154543044,5642.1699167298,6435.68342733182,6652.25478942291,5879.33792308671
GDP per capita (current US$),Peru,PER,1945.41338451698,1929.57273038846,2007.37019626753,2129.44114197634,2397.25147277714,2706.66947297608,3129.55996496982,3581.0893081917,4197.58444634142,4181.18755462253,5072.11494019615,5861.35793645245,6519.37852981527,6746.80025696601,6667.13410360861,6231.71150338894
GDP per capita (current US$),Philippines,PHL,1050.79272954492,969.530611744453,1014.90879320106,1027.2301192843,1099.63013023758,1220.46018559867,1426.14649179546,1712.65543282793,1959.29233534978,1864.45043406471,2162.91375885614,2383.91892526787,2614.61644410764,2781.27957670473,2866.83803767919,2909.85818014474
GDP per capita (current US$),Poland,POL,4520.64100449111,5015.23790036613,5223.45178967082,5720.81366178104,6711.72715262967,8043.92332253757,9068.85528307627,11272.5293683383,14048.5604672654,11556.3026866026,12567.7317676382,13867.6669408192,13087.420943321,13621.9023794031,14262.2841914116,12637.5220324406
GDP per capita (current US$),Portugal,PRT,11526.3720667968,11734.7649743954,12936.6928204482,15797.7821340276,18064.1580932987,18780.12751241,19839.4540499032,22811.0564844365,24949.0413566739,23151.2154130712,22551.935098809,23246.5425416481,20593.4274224109,21676.4859642714,22120.6850127107,19215.7813014347
GDP per capita (current US$),Puerto Rico,PRI,16192.1269719638,18123.1987019918,18731.4593897378,19557.1202492358,20988.9923326534,21959.322696986,22935.9411586313,23664.8823485096,24898.3345857045,25768.7258883384,26435.74878578,27278.8830499205,27944.7338937424,28513.1657351067,28981.4573305866,29763.4883013861
GDP per capita (current US$),Qatar,QAT,27535.182940934,25870.7991864314,27226.6593510117,31602.470865136,41035.5008380177,53949.6764091147,62582.4453138755,65954.3419525051,80781.4039187792,60785.7351551657,77387.3267885308,103261.506539346,108470.378825036,103697.008372373,95840.6310094498,68985.2946961507
GDP per capita (current US$),Romania,ROU,1659.92904910528,1825.19299373184,2119.85509684554,2679.40626016154,3494.99056448955,4618.00350802913,5757.53127301178,8360.33775916596,10435.1561230787,8548.4543409242,8399.5374234284,9560.6755277458,8929.95366231474,9497.67411615237,10031.7710755404,8977.01748158196
GDP per capita (current US$),Russian Federation,RUS,1771.59411621094,2100.3525390625,2377.52954101563,2975.123046875,4102.36474609375,5323.455078125,6920.19970703125,9101.2392578125,11635.2841796875,8562.82421875,10674.990234375,14305.33203125,15401.8515625,15941.4482421875,14055.47265625,9277.7138671875
GDP per capita (current US$),Rwanda,RWA,251.86926386091,237.308846200901,234.043016755733,249.012274982252,269.540446333402,324.016863847189,356.995022901154,426.234183487629,528.326391755502,564.039095842449,593.624927744346,651.133677964662,706.817317494399,704.924190167572,724.957521209377,733.998585018273
GDP per capita (current US$),Samoa,WSM,1424.75240002471,1453.87021324606,1527.55790455937,1798.12429714048,2189.26042607992,2550.04221437511,2663.29135939532,3038.61904093377,3373.60639884263,3279.18269477295,3524.2479246203,3821.50678264479,3934.60320799981,4023.5254013825,3982.68080202084,4084.36083819933
GDP per capita (current US$),San Marino,SMR,37600.7077379601,39035.1034290445,41790.8432718184,52529.9093701059,58232.0176184948,59877.8005839737,63270.7780755157,70124.4634385624,75902.1320521765,62428.9943269418,56543.1898204098,55601.3929703047,47945.8991734281,50807.8289138024,51260.4938347125,43146.8240435428
GDP per capita (current US$),Sao Tome and Principe,STP,529.089383412262,518.88050130005,568.10257252271,663.696211810494,726.560882130444,844.169181884274,861.970707697664,878.885791918745,1081.8684584729,1128.28046213305,1045.20958234528,1219.80189089671,1210.79264672325,1382.5757842916,1489.67633417608,1298.10946596396
GDP per capita (current US$),Saudi Arabia,SAU,11714.5623675159,10805.311325122,10586.0543471363,11487.220410693,13154.4978989446,15975.7473782258,17563.6145370639,18596.1502627898,22320.4888964331,17718.3911648365,22028.3790215788,26966.2941648251,28348.5730107499,27290.1978052614,27079.6733871148,22453.571552265
GDP per capita (current US$),Senegal,SEN,603.233162455158,637.213530563724,669.430447319209,817.888034221442,918.102079522155,979.846101520171,1017.20196747987,1188.93877808175,1398.79218010021,1308.69404336205,1275.88357492357,1374.67591873844,1326.83798848379,1379.83196553924,1398.89137601382,1218.00613555438
GDP per capita (current US$),Serbia,SRB,974.725469278615,1812.42088281393,2390.73459447107,3153.9011312754,3597.08798057009,3807.97417321786,4492.7136699046,6081.08765700202,7376.73517910716,6414.0448463847,5970.92660940072,7082.2861666075,6263.04086072815,7040.41812068781,6886.67809068704,5820.3215576888
GDP per capita (current US$),Seychelles,SYC,8063.65500575169,8153.2986369879,8864.16919495467,9070.28460757013,10827.671636033,11802.1118276833,12782.9938926475,12669.3026687222,11265.4376270005,9747.09180546291,10934.79494629,12110.0937461973,12337.1554669388,14821.2921476077,15188.1902175113,15333.1051727105
GDP per capita (current US$),Sierra Leone,SLE,143.743743239644,358.31568592361,388.995136049853,413.817666037168,417.750034826993,462.633324427945,517.913366011018,578.648417351785,650.684422202761,624.898797932327,648.129229488008,718.161680687537,904.840762004552,1146.4163912665,1140.92742266148,945.148168480629
GDP per capita (current US$),Singapore,SGP,23852.8389514753,21699.7414868907,22159.8373710639,23730.3840054566,27608.080013423,29961.3172812732,33768.4528234651,39432.8860198877,40008.5720489092,38926.8054365453,47236.683084953,53891.4570264372,55547.5553077786,56967.4257940383,57564.8023114977,55645.6068614606
GDP per capita (current US$),Sint Maarten (Dutch part),SXM,0,0,0,0,0,0,0,0,0,25528.412619483,26403.8143692163,27317.5178881974,28149.0997855041,28529.7324687053,37134.912423099,37839.6283815163
GDP per capita (current US$),Slovak Republic,SVK,5421.6448441887,5712.47802761654,6554.62808369461,8675.39633696465,10650.1290097126,11641.5410321763,13167.8954730379,16110.4817265237,18744.3192278346,16586.7527805228,16899.448680529,18469.4354316836,17516.9691054078,18312.7805149823,18770.9289896545,16442.0760860018
GDP per capita (current US$),Slovenia,SVN,10135.7219109212,10375.6255869861,11639.1297780477,14711.674874253,17103.8297783905,17969.7095907161,19563.005059144,23725.1596001515,27461.9764165315,24501.7897290425,23329.8417691156,24940.6284841605,22442.1417859955,23236.9655321695,24013.0682060959,20697.2748530619
GDP per capita (current US$),Solomon Islands,SLB,953.17190137706,911.791935385411,756.890296490792,895.989272661716,986.081904026618,1144.45758513252,1255.62589099975,1390.1569662696,1525.85092434029,1554.70723718073,1685.15499035363,1924.05277323978,2066.25352289833,2161.39573596215,2164.9442392168,2045.47889485251
GDP per capita (current US$),Somalia,SOM,386.119274401275,244.914842538455,229.598918310039,286.273025198975,375.410326225387,439.979907805478,457.996662206659,479.635628065289,507.03744334738,246.513251675105,219.202453852397,235.325945610434,350.261946720969,393.398704973003,429.431656017709,445.583078625015
GDP per capita (current US$),South Africa,ZAF,3217.84693448467,2847.15191945908,2688.23676032806,4062.21755993786,5221.46333731721,5836.87663325127,6077.38293388876,6591.85535960564,6184.75474328399,6374.70560042992,7973.47195771517,8646.05571071635,8076.97678479741,7331.65467384919,6856.73137092522,6112.27382485974
GDP per capita (current US$),South Sudan,SSD,0,0,0,0,0,0,0,0,1654.21153546555,1323.22068747862,1498.27034985194,1448.98435006408,1109.26050083408,1650.18943353528,1242.73450181032,1080.14718624765
GDP per capita (current US$),Spain,ESP,14743.2671031455,15368.2337984435,17111.0685058941,21522.0170990262,24925.0267844576,26450.9530130382,28421.686527407,32652.015594702,35603.248328071,32279.8208476151,30658.7422282912,31824.6219134777,28456.4438151477,29218.9105170888,29694.8874886229,25969.8383138327
GDP per capita (current US$),Sri Lanka,LKA,846.460813304966,803.544026627385,834.936014905338,946.382255128072,1028.62068132555,1207.21994764165,1389.50625583936,1578.63451125392,1973.58476901287,2026.65939950702,2808.36779237408,3224.95736331928,3327.77612404326,3740.61589348326,3971.91913148166,4060.13139670248
GDP per capita (current US$),St. Kitts and Nevis,KNA,9319.65545093525,10022.5919235637,10453.6587064313,10175.6295449989,10944.6183741768,11783.7867154145,13837.8495311219,14757.9579751035,16604.9448615905,16503.4119292794,16622.9457908577,17832.4572919975,17532.0559008608,18580.1301949935,20219.3954237956,20328.8003530109
GDP per capita (current US$),St. Lucia,LCA,5879.56191426207,5570.45247098106,5567.89428424719,6058.60622059326,6494.60034867886,6863.43641919345,7611.17856675319,7964.38211480117,8516.96075488787,8250.52180732734,8673.68720340529,9128.99442011613,9260.30006551714,9576.23463377087,10044.8218377677,10334.9225558425
GDP per capita (current US$),St. Martin (French part),MAF,0,0,0,0,0,0,0,0,0,0,0,20930.5821177758,0,0,20638.7705882379,0
GDP per capita (current US$),St. Vincent and the Grenadines,VCT,3768.95536604022,4071.08601098962,4303.27976789727,4499.61454193342,4873.48947742443,5157.39373878102,5744.8278621257,6398.19123532172,6598.90531450859,6463.78777336717,6551.96835992405,6527.68996854448,6713.80768643865,7072.46737188939,7168.82875342911,7353.73556054184
GDP per capita (current US$),Sudan,SDN,362.116882324219,451.293304443359,506.262634277344,580.320251464844,705.113342285156,905.543640136719,1132.474609375,1444.37219238281,1527.58239746094,1178.22180175781,1305.63598632813,1332.6572265625,1019.22210693359,1138.62780761719,1275.43835449219,1292.37963867188
GDP per capita (current US$),Suriname,SUR,1988.22172925433,1714.64846637242,2202.340682196,2516.10404020956,2887.7721728844,3453.42865937765,5002.65798695759,5530.17615638309,6576.08546307249,7129.5768626291,7943.60482816915,7949.88867218383,8851.24050668908,9043.19281529222,9108.18905406764,8813.61705392067
GDP per capita (current US$),Eswatini,SWZ,1668.9749133064,1467.5389023828,1351.86550182919,2060.18418135789,2581.24172793045,2945.36394872311,3035.06156119205,3180.86121498525,2999.82816920508,3239.7578007877,3992.95199562618,4312.34243414155,4347.99569336631,3910.0639762073,3740.69277623691,3393.53367834668
GDP per capita (current US$),Sweden,SWE,29632.7736101599,27259.4806735435,29957.9387652616,37292.4214343004,42758.2015503417,43378.6152117149,46531.6001120572,53568.5645523213,55817.4392710726,46707.8673215418,52542.8274141037,60379.7748160321,57749.8251328664,60844.2767113975,59583.7140001673,51197.9529341175
GDP per capita (current US$),Switzerland,CHE,38865.021939688,39638.7911061864,42458.7384679187,49335.7456291067,54659.4571488233,56242.8933645639,59011.0324592016,64989.1553256031,74175.1927898555,71568.3123885672,76531.3729407691,90476.7589651577,85836.2076767359,87304.3305813557,88724.9909402638,83806.4476003837
GDP per capita (current US$),Syrian Arab Republic,SYR,1138.1884854278,1186.82913474027,1183.2473451033,1220.179077256,1368.1148230028,1533.90166536568,1718.78347217338,1937.61138578027,2429.12477087189,2462.20193643202,2730.61477118949,2952.14349372257,1897.66115018696,985.892669227054,1060.59105886854,847.731631942565
GDP per capita (current US$),Tajikistan,TJK,136.925716400723,168.676285365186,186.951638285222,233.58124845289,305.745158587502,333.927150941684,401.018403316427,516.997210618914,703.327375898643,664.795655734657,737.338883219356,833.601978202852,952.452819695469,1028.19704279396,1081.54402932039,956.916310930656
GDP per capita (current US$),Tanzania,TZA,401.698150634766,396.638732910156,402.649047851563,422.18359375,450.385284423828,483.334869384766,475.746734619141,543.198303222656,675.977233886719,693.823547363281,736.530151367188,775.392761230469,861.969909667969,963.05712890625,1022.74841308594,939.127319335938
GDP per capita (current US$),Thailand,THA,2005.97694514234,1889.93432467144,2089.75183111554,2347.54001286066,2641.56268717857,2867.70383436062,3331.32043511773,3918.52817434581,4309.13509292986,4135.43986952819,4973.86288823778,5373.6232832898,5725.52802835463,6018.08244729255,5801.1978916205,5688.85335397884
GDP per capita (current US$),Timor-Leste,TLS,492.457669429651,587.804355560918,533.982476434866,534.901153697657,474.420767344689,487.464555404292,464.667001844159,540.154584237662,628.153219252849,686.579295832381,813.060177250597,939.045241112693,1022.61903188429,1204.56841532931,1224.74957758801,1319.59297370991
GDP per capita (current US$),Togo,TGO,409.889802792768,396.692654520135,445.238691488925,538.16537776929,560.266308533382,551.259850017077,552.50227125256,607.588224471809,718.948786366771,720.694168794129,704.987164181378,783.989380490906,762.392047587088,826.543259457126,855.585284856656,751.052405084336
GDP per capita (current US$),Tonga,TON,1995.07650349318,1753.5165946314,1759.48033285941,1936.0412369244,2195.44874051102,2477.72640915188,2750.34758182988,2797.06555185746,3218.45299609309,2914.23790763703,3416.08358065135,3849.99370811237,4384.17058321549,4219.24659467526,4136.59013792529,4123.90323993332
GDP per capita (current US$),Trinidad and Tobago,TTO,6178.58975559687,6657.41466937221,6762.93080808096,8445.04653518298,9871.03419820086,12346.4373094075,14152.6607422113,16606.675360681,21298.9945258063,14634.0565003912,16815.424737361,19151.0870229722,20472.3574298508,21416.3660842916,22074.4263087858,20024.754663902
GDP per capita (current US$),Tunisia,TUN,2199.04465936314,2235.71981624751,2320.7723805785,2725.8643148859,3067.41936376975,3146.8260743927,3322.56933570096,3726.91672935667,4255.05008019523,4080.09032448781,4291.86120891575,4420.64772206537,4297.26782454273,4369.79345826358,4458.97895464547,4014.94773686432
GDP per capita (current US$),Turkiye,TUR,4192.44316738494,3045.55413956926,3583.19745897158,4637.88218501529,5960.77898909049,7303.01388860245,7953.07848024969,9711.22376120832,10843.5036940489,9012.99945793034,10622.7020439723,11300.7852215681,11713.2849831139,12578.1878632,12165.220135038,11049.9951100942
GDP per capita (current US$),Turkmenistan,TKM,633.835487638011,756.034976276398,935.540801478466,1228.94870289404,1379.23009682692,1604.01618452312,1996.59310717308,2414.96071986964,3605.50395120549,3707.97850699617,4058.53937000739,5143.61929334647,6053.8748468749,6599.64529055481,7164.14536184006,5759.497903834
GDP per capita (current US$),Turks and Caicos Islands,TCA,0,18325.7458111974,17803.9471767733,18859.1890274773,21246.00980049,24122.3028180757,28734.2873064523,29443.8408831367,31453.8082911,24596.8868056527,23093.843101651,23626.7133501913,22633.9527500233,22412.2069354887,23996.2910128388,25736.101625461
GDP per capita (current US$),Tuvalu,TUV,1579.41906275542,1456.78409421177,1750.25175052348,2006.84249941442,2322.56265072892,2304.82694329052,2396.26844307702,2794.16310084119,3088.30877413836,2683.96749549583,3024.8170790571,3636.08139989792,3598.46163091053,3510.21640142483,3528.85858102782,3357.83417700071
GDP per capita (current US$),Uganda,UGA,258.050338731086,236.021188853993,241.984688408335,250.71543664681,292.38185796262,330.405402707025,346.518255310647,401.389130865581,472.842681495852,798.947089938247,823.488144282,835.620060555838,795.222867553127,818.285427416713,896.054795546394,862.934610355811
GDP per capita (current US$),Ukraine,UKR,653.294311523438,800.49072265625,903.011901855469,1076.48156738281,1401.01806640625,1875.33508300781,2366.494140625,3160.32763671875,4017.806640625,2607.08764648438,3039.63232421875,3656.69799804688,3951.34228515625,4129.89697265625,3054.908203125,2094.47387695313
GDP per capita (current US$),United Arab Emirates,ARE,29865.502347066,27745.1708087672,27753.6089526346,29659.5428567811,33376.7152295209,38719.3138307623,44342.6048322482,45854.7325158162,50054.1700681803,37803.0663738777,43696.6712597922,50789.0505418347,52034.4762466073,52023.5170958751,51381.4069909213,43534.9972681733
GDP per capita (current US$),United Kingdom,GBR,28280.926786099,27906.5695029641,30077.741432188,34442.6875402308,40366.8886650968,42104.7884375024,44512.4590296865,50397.6854954706,47396.1202078484,38744.131693043,39598.957119545,42109.6418795749,42497.3404974322,43426.2981405143,47439.6165895125,44964.3911437292
GDP per capita (current US$),United States,USA,36329.9702595751,37133.6203973517,37997.7424300242,39490.3023903176,41724.6411982614,44123.3996470026,46301.9876485519,48050.227412195,48570.0594269601,47194.9500893872,48650.6643227232,50065.9789470675,51784.4114692048,53409.7507774372,55304.3155317137,57040.2082136605
GDP per capita (current US$),Uruguay,URY,6987.70098766257,6382.76104740859,4149.76140312687,3671.12329256883,4168.66065438387,5284.25677987129,6001.33294783172,7222.05403645877,9423.96562595893,9881.39573127081,12641.0576849008,15132.2675725587,16259.5940814256,18335.2594772322,18322.4276767157,17125.9016800298
GDP per capita (current US$),Uzbekistan,UZB,555.149231099186,454.415812256778,381.409296889283,394.164028897235,462.171492867885,542.835808692209,649.118167003925,824.028192334768,1074.72928796701,1205.7993547038,1753.20730243278,2087.86386135694,2307.34649117185,2461.97947403595,2674.9628382103,2803.19018021751
GDP per capita (current US$),Vanuatu,VUT,1460.23817692229,1350.18338238522,1340.71537528287,1566.51396790858,1774.31867585894,1873.99142640619,2034.79289624351,2333.70506748914,2603.60883136724,2546.38324565986,2815.18828985779,3163.1861645138,3004.78416664293,2979.79608084399,2967.70667006774,2746.59171880997
GDP per capita (current US$),"Venezuela, RB",VEN,4776.2816763938,4920.39313600453,3652.09896501865,3229.50557082079,4269.08970872392,5432.4854184654,6739.38065342219,8331.62096991844,11262.4514256759,11596.6021921731,13646.3046622664,10843.9229703167,12901.4171582274,12403.1466957582,15943.6127197163,0
GDP per capita (current US$),Viet Nam,VNM,404.029784055118,419.205677580901,445.132861817313,497.117089249256,565.452284586212,710.746759994861,807.756645117054,925.640338348717,1163.83195772873,1226.16976051536,1683.16182443979,1950.92504174913,2185.11767654291,2359.51736472828,2546.38464459903,2577.56885340113
GDP per capita (current US$),Virgin Islands (U.S.),VIR,0,0,30062.0225050457,31731.2566241187,35006.3614404514,40828.7460927775,41377.1466009652,44158.5054044325,39152.3750657306,38753.1825393897,39905.1284180994,38997.1373164651,37795.3192590675,34597.9766940328,33045.3643795999,34007.3529411765
GDP per capita (current US$),West Bank and Gaza,PSE,1476.17185000238,1335.55319529359,1156.21747345769,1257.69857009689,1422.19088643544,1543.70141392774,1570.10439962728,1664.24571669276,2035.20234121766,2191.78178736868,2557.07562356699,2880.79843707909,3067.43872735614,3315.29753909282,3352.11259506043,3272.15432360708
GDP per capita (current US$),"Yemen, Rep.",YEM,493.235182634814,487.141257946318,513.241486570603,548.905883049973,627.632023395762,734.159908450927,809.713127624703,890.305768114988,1071.63583282105,969.243509864478,1155.20305261418,1186.47500581215,1245.05068272078,1378.75002954928,1430.16420964026,1362.17379435676
GDP per capita (current US$),Zambia,ZMB,359.429500988221,396.548952993504,393.864625518616,446.290104839041,548.685974566277,710.982068171696,1051.71714895686,1118.73162626953,1375.50211006997,1136.24168316848,1451.10616017155,1624.86817763443,1710.05061343728,1820.71854827391,1707.48573136694,1295.87788680068
GDP per capita (current US$),Zimbabwe,ZWE,562.556900384332,566.107646563399,524.677238832055,468.234185771582,469.484653598898,461.0282813252,430.809179322191,413.302571731556,340.740182862316,735.444551727601,901.554443558321,1037.25491018154,1238.60109002194,1362.30066802685,1372.21278071456,1386.42284717709
